web-scraper-order,web-scraper-start-url,title,image-src,price,discountPrice,affiliateLink,description
"1741783816-1","https://amzn.to/41Ysm3P","SANODESK Höhenverstellbarer Schreibtisch 200 x 80 cm Schreibtisch Höhenverstellbar Elektrisch Ergonomischer Steh-Sitz Tisch Computertisch für Heimbüro Homeoffice(schwarz)","https://m.media-amazon.com/images/I/61WcFhbu1GL._AC_SX679_.jpg","291,42€","201,17€","","Gesunder Lebensstil: SANODESK ist eine Marke, die sich auf Gesundheit konzentriert, da wir Gesundheit als äußerst wichtig erachten. Da wir etwa ein Drittel unseres Lebens arbeiten, was zu Rücken- und Nackenproblemen führen kann, müssen wir die Gesundheit in dieser Zeit besonders beachten. Mit einem höhenverstellbaren Schreibtisch von SANODESK können Sie zwischen Sitzen und Stehen wechseln, um Ermüdung zu vermeiden."
"1741783824-2","https://amzn.to/3DxXH48","Smart Beamer【360° Drehbar/Autofokus/Trapezkorrektur】 Mini Beamer 4K Unterstützt 1080P Full HD 23000L WiFi6 Bluetooth, VOPLLS Beamer Klein Heimkino 50% Zoom Projektor für Handy/TV Stick/USB","https://m.media-amazon.com/images/I/51NX3LwAv4L._AC_SX679_.jpg","221,84€","149,23€","","【Elegantes und Portable Design】Stellen Sie sich vor, Sie tragen einen schlanken 6 cm Mini Beamer, der wie ein hochwertiges Hardcoverbuch aussieht. Sein kompaktes, leichtes Design ermöglicht es Ihnen, ihn mühelos in Ihre Tasche zu stecken, bereit für jede Projektion, Filmnacht oder Reise. Das minimalistische Design ergänzt jede Umgebung und macht ihn zu einer stilvollen Ergänzung für Ihr Arbeitszimmer oder Wohnzimmer. Er erweckt Unterhaltung zum Leben und bereichert jede Zusammenkunft."
"1741783832-3","https://amzn.to/4iogkXg","TANTOMI Rucksack Damen Groß & Rucksack Herren, Laptop Rucksack Damen, Unisex Tagesrucksäcke Rolltop Rucksack Wasserdicht, Reiserucksack Lässiger Backpack Schule Freizeit Uni Arbeit Wandern","https://m.media-amazon.com/images/I/81JqaRNFJuL._AC_SX679_.jpg","34,27€","","",""
"1741783839-4","https://amzn.to/4iIOkgP","Körperfettwaage, Personenwaage Digital Waage 2025 Mit Körperfett und Muskelmasse mit APP 180kg /400lbs, Waage Personen Bluetooth Körperwaage für Körperfett, BMI, Gewicht, Wasser und Muskelmasse","https://m.media-amazon.com/images/I/61ezMOoUhzL._SX522_.jpg","40,33€","20,16€","","[13 Körpergesundheitsmessungen] Personenwaage Digital Die Personenwaage verwendet Bioimpedanz-Technologie zur Messung von 13 wichtigen Informationen, einschließlich Gewicht, Fettmassenanteil, Wasser, Muskelmasse, Protein, viszerales Fett, BMI (Körpermassen-Index), BMR (grundlegende Stoffwechsel) usw. Mit diesem Mess-Set haben Sie die Möglichkeit genauere und höhere Daten Detaillierte Details zu Ihrer Fitness."
"1741783845-5","https://amzn.to/41K1zXD","Anker Magnetische Powerbank, kompaktes 10.000mAh Ladegerät mit 30W Max. Schnellladen, kabellos und portabel, hautfreundlicher und robuster Akku, für iPhone 16/15/14 Serie, AirPods und mehr","https://m.media-amazon.com/images/I/61NmRnphNJL._AC_SX679_.jpg","40,33€","30,24€","","Laden mit oder ohne Kabel Power Bank: Diese Powerbank passt sich deinen alltäglichen Bedürfnissen an, sodass du entweder mit 7,5W kabellos oder mit 30W Schnellladeleistung via Kabel laden kannst."
"1741783849-6","https://amzn.to/41Hf1vp","HELDENWERK Massagepistole inkl. 7 Massageköpfen & 30 Geschwindigkeiten, mit USB-C Anschluss und Hitzekopf I Muskel Massagegerät, Massagegun, Muskelmassagepistole, Muskelpistole","https://m.media-amazon.com/images/I/81LS0dWYcRL.__AC_SX300_SY300_QL70_ML2_.jpg","62,26€","62,26€","","[WOHLFÜHLEN] Die speziell entwickelte Massagepistole von Heldenwerk steht für Entspannung, Fitness & Gesundheit. Nur zehn Minuten am Tag verbessern das Körpergefühl spürbar. Verspannungen waren gestern!"
"1741783854-7","https://amzn.to/3DDdTRE","PlayStation®VR2","https://m.media-amazon.com/images/I/61uj8qkuXTL._SX522_.jpg","605,03€","452,77€","","PlayStation VR2"
"1741783861-8","https://amzn.to/3FAr9a7","jumper Laptop 15,6 Zoll HD Display, 4 GB RAM 128 GB SSD, Office 365, Prozessor 5205U Tragbarer Notebook, Akku 38 Wh, Zwei Stereo-Lautsprecher, Typ-C, USB 3.0, 2024","https://m.media-amazon.com/images/I/61de3KNzVHL._AC_SX679_.jpg","907,55€","252,10€","","Leistungsstarkes Ultrabook- Dieses Jumper Notebook wird von Celeron Dual-Core Prozessor 5205U mit einer Grundfrequenz von 1,9GHz betrieben und verfügt über integrierte UHD Graphics 300MHz. Es kann Anwendungen reibungslos laden und stabile Leistung zur Verfügung stellen. Außerdem sind die Laptops mit dem neuesten Win 11 System vorinstalliert, um Ihren Bedürfnissen gerecht zu werden."
"1741783866-9","https://amzn.to/4ihuWHY","Bose QuietComfort SC Kabellose Kopfhörer mit Noise-Cancelling, Bluetooth Over-Ear-Kopfhörer, bis zu 24 Stunden Akkulaufzeit, mit Soft Case, Schwarz","https://m.media-amazon.com/images/I/51aw022aEaL._AC_SX679_.jpg","362,98€","190,58€","","LEGENDÄRES NOISE-CANCELLING: Diese Kopfhörer verfügen über legendäres Noise-Cancelling, das durch die Kombination von technischen und passiven Features die Außenwelt ausblendet, störende Geräusche unterdrückt und Sie in Ihre Musik eintauchen lässt."
"1741783871-10","https://amzn.to/41K1raB","Creatin Pulver 1kg / 1000 g reines Creatin Monohydrat in mikronisierter Qualität - Kreatin Monohydrat optimal hochdosiert - Creatin-Pulver ohne Zusätze, 100% vegan, Vorrat für 292 Tage","https://m.media-amazon.com/images/I/71URalcyxGL._AC_SY679_.jpg","19,17€","19,17€","","🥇 CREATIN MONOHYDRAT: Unser CREATINE MONOHYDRATE Pulver beinhaltet ein hochwertiges Creatin Monohydrat-Pulver in mikronisierter Qualität (Mesh-Faktor 200). Das Creatine-Monohydrate verfügt dadurch über eine optimale Löslichkeit und lässt sich somit ideal in eine Flüssigkeit deiner Wahl einrühren."
"1741783880-11","https://amzn.to/3DMGnZ7","Daccormax Bürostuhl Ergonomisch, Schreibtischstuhl mit Verstellbarer Kopfstütze, Armlehnen, Lendenwirbelstütze, Drehstuhl Wippfunktion, Chefsessel aus Mesh,Rückenschonend, Bürostuhl 150kg","https://m.media-amazon.com/images/I/619emz3FicL._AC_SX679_.jpg","131,09€","90,10€","","【Ergonomischer Bürostuhl】 Die S-förmige Rückenlehne und drehbare Kopfstütze(11cm, 120°Drehen) von Schreibtischstuhl bieten eine hervorragende Unterstützung für Lende und Nacken. Das verbreiterte Design der Rückenlehne passt sich vollständig dem Rücken an und stützt Ihre Schulterwirbel fest. Die Verwendung von Drehstuhl beugt Rückenschmerzen effektiv vor, indem er die natürliche Krümmung der Wirbelsäule beibehalten und Ihre Sitzhaltung korrigiert."
"1741783885-12","https://amzn.to/3DqvlJ8","Braun Barttrimmer, Bartschneider/Trimmer/Haarschneider Herren, Haarschneidemaschine Profi, 40 Einstellungen, Ladestation, Reiseetui, Bartschablone, 180 Min. kabellose Laufzeit, BT9440","https://m.media-amazon.com/images/I/81uoI7y9ItL._AC_SX522_.jpg","161,34€","88,73€","","Ultimative Präzision und 100% Kontrolle: Für einen Barber Fresh Look jeden Tag mit dem Braun Barttrimmer 9. Mit Cashback und 5 Jahren Garantie (es gelten die AGB auf der Braun Website)"
"1741783891-13","https://amzn.to/4bJhR7Q","Russell Hobbs Heißluftfritteuse XXL 8L Rapid AirFryer [kompaktes Gehäuse,7 Kochfunktionen,10 Programme] SatisFry (spülmaschinenfest, max 220°C, Fritteuse ohne Öl, Grillen, Backen, Braten) 27170-56","https://m.media-amazon.com/images/I/71MR41bv3JL._AC_SX679_.jpg","121,00€","70,58€","","Mit gutem Gewissen kochen - wenig oder kein Öl erforderlich, 8 Liter Heißluftfritteuse mit schneller Luftzirkulation bis zu 220°C"
